Pithouse_ID,Original_ID,SiteCode,MajorAxis,MinorAxis,PotPhase,REF,TOPO_AFTER1,TOPO_AFTER2,TOPO_AFTER3,TOPO_AFTER4
AYJ-001,SI11(J30),AYJ,NA,NA,Kasori_EII,CHBNEWT25,,,,
AYJ-002,SI42(J29),AYJ,NA,NA,Kasori_EIV,CHBNEWT25,,,,
AYK-001,SB-001,AYK,NA,NA,Kasori_EI,CHBNEWT19,,,,
AYK-002,SB-009,AYK,NA,NA,Kasori_EI-EII,CHBNEWT19,,,,
AYK-003,SB-010,AYK,NA,NA,Kasori_EI-EII,CHBNEWT19,,,,
AYK-004,SB-011,AYK,NA,NA,Kasori_EII,CHBNEWT19,,,,
AYK-005,SB-012,AYK,NA,NA,Kasori_EII,CHBNEWT19,,,,
AYK-006,SB-013A,AYK,7.2,5.8,Kasori_EII,CHBNEWT19,,,,
AYK-007,SB-013B,AYK,7.2,5.8,Kasori_EII,CHBNEWT19,,,,
AYK-008,SB-017,AYK,NA,NA,Kasori_EII,CHBNEWT19,,,,
AYK-009,SB-019,AYK,NA,NA,Kasori_EII,CHBNEWT19,,,,
AYK-010,SB-047A,AYK,5,5,Kasori_EII,CHBNEWT19,,,,
AYK-011,SB-047B,AYK,5,5,(upto)Kasori_EII,CHBNEWT19,,,,
AYK-012,SB-048A,AYK,7.3,6.3,Kasori_EII,CHBNEWT19,,,,
AYK-013,SB-048B,AYK,7.3,6.3,(upto)Kasori_EII,CHBNEWT19,,,,
AYK-014,SB-049A,AYK,5,5,Kasori_EII,CHBNEWT19,,,,
AYK-015,SB-049B,AYK,5,5,(upto)Kasori_EII,CHBNEWT19,,,,
AYK-016,SB-051A,AYK,NA,NA,Kasori_EII,CHBNEWT19,,,,
AYK-017,SB-051B,AYK,NA,NA,Kasori_EII,CHBNEWT19,,,,
AYK-018,SB-052A,AYK,NA,NA,Kasori_EII,CHBNEWT19,,,,
AYK-019,SB-052B,AYK,NA,NA,Kasori_EII,CHBNEWT19,,,,
AYK-020,SB-053,AYK,NA,NA,(upto)Kasori_EII,CHBNEWT19,,,,
AYK-021,SB-054,AYK,NA,NA,Kasori_EI,CHBNEWT19,,,,
AYK-022,SB-056,AYK,NA,NA,Kasori_EII,CHBNEWT19,,,,
AYK-023,SB-057,AYK,5.2,4.2,Kasori_EII,CHBNEWT19,,,,
AYK-024,SB-058A,AYK,NA,NA,Nakabyo-Kasori_EI,CHBNEWT19,,,,
AYK-025,SB-058B,AYK,NA,NA,Kasori_EI,CHBNEWT19,,,,
AYK-026,SB-059,AYK,4,4,Kasori_EII,CHBNEWT19,,,,
AYK-027,SB-060,AYK,NA,NA,Kasori_EII,CHBNEWT19,,,,
AYK-028,SB-062,AYK,NA,NA,Kasori_EII,CHBNEWT19,,,,
AYK-029,SB-063,AYK,4.7,4.7,Kasori_EII,CHBNEWT19,,,,
AYK-030,SB-065,AYK,NA,NA,Kasori_EII,CHBNEWT19,,,,
AYK-031,SB-068,AYK,5.5,4.6,Nakabyo-Kasori_EI,CHBNEWT19,,,,
AYK-032,SB-070,AYK,NA,NA,Nakabyo-Kasori_EI,CHBNEWT19,,,,
AYK-033,SB-073,AYK,NA,NA,Kasori_EII,CHBNEWT19,,,,
AYK-034,SB-074A,AYK,NA,NA,Nakabyo-Kasori_EI,CHBNEWT19,,,,
AYK-035,SB-074B,AYK,NA,NA,Nakabyo-Kasori_EI,CHBNEWT19,,,,
AYK-036,SB-074C,AYK,NA,NA,Nakabyo-Kasori_EI,CHBNEWT19,,,,
AYK-037,SB-077,AYK,NA,NA,Kasori_EII,CHBNEWT19,,,,
AYK-038,SB-079,AYK,NA,NA,Nakabyo-Kasori_EI,CHBNEWT19,,,,
AYK-039,SB-084A,AYK,5,5,Kasori_EI,CHBNEWT19,,,,
AYK-040,SB-084B,AYK,5,5,Kasori_EI,CHBNEWT19,,,,
AYK-041,SB-084C,AYK,5,5,Kasori_EI,CHBNEWT19,,,,
AYK-042,SB-085A,AYK,5,5,Kasori_EI,CHBNEWT19,,,,
AYK-043,SB-085B,AYK,5,5,Kasori_EI,CHBNEWT19,,,,
AYK-044,SB-086A,AYK,NA,NA,Nakabyo-Kasori_EI,CHBNEWT19,,,,
AYK-045,SB-086B,AYK,NA,NA,Nakabyo-Kasori_EI,CHBNEWT19,,,,
AYK-046,SB-086C,AYK,NA,NA,Kasori_EII,CHBNEWT19,,,,
AYK-047,SB-088,AYK,5.2,NA,Kasori_EI,CHBNEWT19,,,,
AYK-048,SB-089A,AYK,NA,NA,Kasori_EI,CHBNEWT19,,,,
AYK-049,SB-090,AYK,5.3,4.7,Kasori_EI,CHBNEWT19,,,,
AYK-050,SB-091,AYK,5,3.9,Nakabyo-Kasori_EI,CHBNEWT19,,,,
AYK-051,SB-093A,AYK,NA,NA,Nakabyo-Kasori_EI,CHBNEWT19,,,,
AYK-052,SB-093B,AYK,NA,NA,Nakabyo-Kasori_EI,CHBNEWT19,,,,
AYK-053,SB-094,AYK,NA,NA,Kasori_EI,CHBNEWT19,,,,
AYK-054,SB-096C,AYK,5.3,4.9,Nakabyo-Kasori_EI,CHBNEWT19,,,,
AYK-055,SB-097,AYK,6,5.6,Kasori_EII,CHBNEWT19,,,,
AYK-056,SB-098A,AYK,NA,NA,Kasori_EII,CHBNEWT19,,,,
AYK-057,SB-098B,AYK,NA,NA,(upto)Kasori_EII,CHBNEWT19,,,,
AYK-058,SB-098C,AYK,NA,NA,(upto)Kasori_EII,CHBNEWT19,,,,
AYK-059,SB-099,AYK,NA,NA,Kasori_EII,CHBNEWT19,,,,
AYK-060,SB-100,AYK,5,NA,Nakabyo-Kasori_EI,CHBNEWT19,,,,
AYK-061,SB-107,AYK,5.5,NA,Kasori_EII,CHBNEWT19,,,,
AYK-062,SB-114,AYK,NA,NA,Kasori_EI,CHBNEWT19,,,,
AYK-063,SB-115,AYK,NA,NA,?,CHBNEWT19,,,,
AYK-064,SB-117,AYK,NA,NA,Kasori_EII,CHBNEWT19,,,,
AYK-065,SB-121A,AYK,7,NA,Kasori_EII,CHBNEWT19,,,,
AYK-066,SB-121B,AYK,4.5,NA,(upto)Kasori_EII,CHBNEWT19,,,,
AYK-067,SB-122,AYK,NA,NA,Kasori_EII,CHBNEWT19,,,,
AYK-068,SB-124,AYK,NA,NA,Kasori_EII?,CHBNEWT19,,,,
AYK-069,SB-125,AYK,NA,NA,Kasori_EII,CHBNEWT19,,,,
AYK-070,SB-127,AYK,5,3.5,(upto)Kasori_EI,CHBNEWT19,,,,
AYK-071,SB-128,AYK,4.5,3.5,Kasori_EII,CHBNEWT19,,,,
AYK-072,SB-130,AYK,NA,NA,Kasori_EI,CHBNEWT19,,,,
AYK-073,SB-132,AYK,NA,NA,Kasori_EI-EII,CHBNEWT19,,,,
AYK-074,SB-135,AYK,NA,NA,(final)Middle_Jomon,CHBNEWT19,,,,
AYK-075,SB-136,AYK,NA,NA,Nakabyo-Kasori_EII,CHBNEWT19,,,,
AYK-076,SB-137,AYK,NA,NA,Kasori_EII,CHBNEWT19,,,,
AYK-077,SB-142B,AYK,4.5,NA,Nakabyo-Kasori_EI,CHBNEWT19,,,,
AYK-078,SB-172A,AYK,6.5,5,Kasori_EI,CHBNEWT19,,,,
AYK-079,SB-172B,AYK,6.5,5,Kasori_EI,CHBNEWT19,,,,
AYK-080,SB-175A,AYK,5,NA,Kasori_EII,CHBNEWT19,,,,
AYK-081,SB-175B,AYK,5,NA,(upto)Kasori_EII,CHBNEWT19,,,,
AYK-082,SB-176,AYK,NA,NA,Kasori_EII,CHBNEWT19,,,,
AYK-083,SB-177A,AYK,4.5,3.5,Kasori_EI-EII,CHBNEWT19,,,,
AYK-084,SB-177B,AYK,5.5,4.5,Kasori_EI-EII,CHBNEWT19,,,,
AYK-085,SB-178,AYK,4.5,4,Kasori_EI,CHBNEWT19,,,,
AYK-086,SB-180A,AYK,NA,NA,Kasori_EI-EII,CHBNEWT19,,,,
AYK-087,SB-180B,AYK,NA,NA,Kasori_EI-EII,CHBNEWT19,,,,
AYK-088,SB-182,AYK,5,4.5,Kasori_EI,CHBNEWT19,,,,
AYK-089,SB-184,AYK,6,5.5,Kasori_EII,CHBNEWT19,,,,
AYK-090,SB-185A,AYK,5,NA,Kasori_EI,CHBNEWT19,,,,
AYK-091,SB-185B,AYK,5,NA,Kasori_EI,CHBNEWT19,,,,
AYK-092,SB-186A,AYK,6.3,4.7,Kasori_EI,CHBNEWT19,,,,
AYK-093,SB-186B,AYK,NA,NA,Kasori_EI,CHBNEWT19,,,,
AYK-094,SB-186C,AYK,NA,NA,Kasori_EI,CHBNEWT19,,,,
AYK-095,SB-186D,AYK,NA,NA,Kasori_EI,CHBNEWT19,,,,
AYK-096,SB-187,AYK,4,NA,(upto)Kasori_EII,CHBNEWT19,,,,
AYK-097,SB-190,AYK,4,3,Kasori_EI,CHBNEWT19,,,,
AYK-098,SB-191A,AYK,NA,NA,Kasori_EI?,CHBNEWT19,,,,
AYK-099,SB-191B,AYK,NA,NA,Kasori_EI,CHBNEWT19,,,,
AYK-100,SB-192,AYK,NA,NA,Nakabyo-Kasori_EI,CHBNEWT19,,,,
AYK-101,SB-193,AYK,NA,NA,Kasori_EI-EII,CHBNEWT19,,,,
AYK-102,SB-194A,AYK,6,5,Kasori_EI-EII,CHBNEWT19,,,,
AYK-103,SB-194B,AYK,6,5,(upto)Kasori_EII,CHBNEWT19,,,,
AYK-104,SB-195A,AYK,NA,5,Kasori_EI,CHBNEWT19,,,,
AYK-105,SB-195B,AYK,NA,NA,(upto)Kasori_EI,CHBNEWT19,,,,
AYK-106,SB-195C,AYK,6,4.5,Kasori_EI,CHBNEWT19,,,,
AYK-107,SB-197,AYK,4.5,3.5,Kasori_EI,CHBNEWT19,,,,
AYK-108,SB-199,AYK,NA,NA,Kasori_EI,CHBNEWT19,,,,
AYK-109,SB-200,AYK,NA,NA,Kasori_EI,CHBNEWT19,,,,
AYK-110,SB-203,AYK,NA,NA,Kasori_EI?,CHBNEWT19,,,,
AYK-111,SB-204B,AYK,NA,NA,(upto)Kasori_EI,CHBNEWT19,,,,
AYK-112,SB-207,AYK,5,NA,Kasori_EI-EII,CHBNEWT19,,,,
AYK-113,SB-211,AYK,6,4,Kasori_EI,CHBNEWT19,,,,
AYK-114,SB-225,AYK,4.5,4,Kasori_EIII-EIV,CHBNEWT19,,,,
AYK-115,SB-226,AYK,5.5,4.5,Kasori_EIII-EIV,CHBNEWT19,,,,
AYK-116,SB-231,AYK,5,4,Kasori_EI,CHBNEWT19,,,,
AYK-117,SB-236,AYK,4,NA,Kasori_EIII-EIV,CHBNEWT19,,,,
AYK-118,SB-238,AYK,4.5,3.5,Kasori_EII,CHBNEWT19,,,,
AYK-119,SB-239,AYK,5.5,5,Kasori_EI,CHBNEWT19,,,,
AYK-120,SB-241,AYK,6.5,5.5,Kasori_EI-EII?,CHBNEWT19,,,,
AYK-121,SB-243A,AYK,4.25,NA,Kasori_EI,CHBNEWT19,,,,
AYK-122,SB-243B,AYK,NA,NA,(upto)Kasori_EII,CHBNEWT19,,,,
AYK-123,SB-246,AYK,NA,NA,Kasori_EII,CHBNEWT19,,,,
AYK-124,SB-248,AYK,NA,NA,Kasori_EII,CHBNEWT19,,,,
AYK-125,SB-249A,AYK,NA,NA,Kasori_EIII-?,CHBNEWT19,,,,
AYK-126,SB-249B,AYK,NA,NA,Kasori_EII-,CHBNEWT19,,,,
AYK-127,SB-004,AYK,NA,NA,Otamadai_III,CHBNEWT19,,,,
AYK-128,SB-018A,AYK,NA,NA,Otamadai_II-Kasori_EII,CHBNEWT19,,,,
AYK-129,SB-018B,AYK,NA,NA,Otamadai_II-Kasori_EII,CHBNEWT19,,,,
AYK-130,SB-021A,AYK,NA,NA,Nakabyo,CHBNEWT19,,,,
AYK-132,SB-048C,AYK,NA,NA,Kasori_EII?,CHBNEWT19,,,,
AYK-133,SB-048D,AYK,NA,NA,Kasori_EII?,CHBNEWT19,,,,
AYK-134,SB-048E,AYK,NA,NA,Kasori_EII?,CHBNEWT19,,,,
AYK-135,SB-061,AYK,NA,NA,?,CHBNEWT19,,,,
AYK-136,SB-064A,AYK,NA,NA,Otamadai_III-Nakabyo,CHBNEWT19,,,,
AYK-137,SB-064B,AYK,NA,NA,Otamadai_III-Nakabyo,CHBNEWT19,,,,
AYK-138,SB-071,AYK,NA,NA,Nakabyo-Otamadai_IV,CHBNEWT19,,,,
AYK-139,SB-081A,AYK,NA,NA,(upto)Kasori_EII,CHBNEWT19,,,,
AYK-140,SB-081B,AYK,NA,NA,(upto)Kasori_EII,CHBNEWT19,,,,
AYK-141,SB-082,AYK,NA,NA,(upto)Kasori_EII,CHBNEWT19,,,,
AYK-142,SB-087,AYK,NA,NA,Nakabyo,CHBNEWT19,,,,
AYK-143,SB-089B,AYK,NA,NA,Otamadai_III-Nakabyo,CHBNEWT19,,,,
AYK-144,SB-095,AYK,NA,NA,Nakabyo-Otamadai_IV,CHBNEWT19,,,,
AYK-145,SB-096A,AYK,NA,NA,Nakabyo,CHBNEWT19,,,,
AYK-146,SB-096B,AYK,NA,NA,Nakabyo,CHBNEWT19,,,,
AYK-147,SB-109,AYK,NA,NA,?,CHBNEWT19,,,,
AYK-148,SB-116,AYK,NA,NA,Nakabyo?,CHBNEWT19,,,,
AYK-149,SB-119,AYK,NA,NA,?,CHBNEWT19,,,,
AYK-150,SB-120,AYK,NA,NA,Nakabyo?,CHBNEWT19,,,,
AYK-151,SB-126,AYK,NA,NA,?,CHBNEWT19,,,,
AYK-152,SB-131,AYK,NA,NA,(final)Middle_Jomon,CHBNEWT19,,,,
AYK-153,SB-133,AYK,NA,NA,?,CHBNEWT19,,,,
AYK-154,SB-139,AYK,NA,NA,Otamadai_II-IV,CHBNEWT19,,,,
AYK-155,SB-142A,AYK,NA,NA,Nakabyo,CHBNEWT19,,,,
AYK-156,SB-167,AYK,NA,NA,Nakabyo,CHBNEWT19,,,,
AYK-157,SB-173,AYK,NA,NA,Nakabyo,CHBNEWT19,,,,
AYK-158,SB-174,AYK,NA,NA,Otamadai_I-II,CHBNEWT19,,,,
AYK-160,SB-196,AYK,NA,NA,?,CHBNEWT19,,,,
AYK-161,SB-204A,AYK,NA,NA,?,CHBNEWT19,,,,
AYK-162,SB-205,AYK,NA,NA,?,CHBNEWT19,,,,
AYK-163,SB-208,AYK,NA,NA,Otamadai_III-Nakabyo,CHBNEWT19,,,,
AYK-164,SB-209,AYK,NA,NA,?,CHBNEWT19,,,,
AYK-165,SB-210,AYK,NA,NA,?,CHBNEWT19,,,,
AYK-166,SB-213,AYK,NA,NA,Nakabyo,CHBNEWT19,,,,
AYK-167,SB-216,AYK,NA,NA,?,CHBNEWT19,,,,
AYK-168,SB-244,AYK,NA,NA,Otamadai?,CHBNEWT19,,,,
AYK-169,SB-245,AYK,NA,NA,(upto)Kasori_EI,CHBNEWT19,,,,
AYK-170,SB-247,AYK,NA,NA,?,CHBNEWT19,,,,
AYM-001,26,AYM,NA,NA,Kasori_EII(new),CHBNEWT40,,,,
AYM-002,28,AYM,NA,NA,Kasori_EII(new),CHBNEWT40,,,,
AYM-003,33,AYM,NA,NA,Middle_Jomon,CHBNEWT40,,,,
AYM-004,40,AYM,NA,NA,Kasori_EIII,CHBNEWT40,,,,
AYM-005,41,AYM,NA,NA,Kasori_EII(new),CHBNEWT40,,,,
AYM-006,44,AYM,NA,NA,Kasori_EIII(old),CHBNEWT40,,,,
AYM-007,51,AYM,NA,NA,Kasori_EII(new)-EIII(old),CHBNEWT40,,,,
AYM-008,52,AYM,NA,NA,Kasori_EIII,CHBNEWT40,,,,
AYM-009,53,AYM,NA,NA,Kasori_EII,CHBNEWT40,,,,
AYM-010,77,AYM,NA,NA,Kasori_EIII(old),CHBNEWT40,,,,
AYM-011,78,AYM,NA,NA,Kasori_EII,CHBNEWT40,,,,
AYM-012,79,AYM,NA,NA,Kasori_EII(new),CHBNEWT40,,,,
AYM-013,80,AYM,NA,NA,Kasori_EIII,CHBNEWT40,,,,
AYM-014,81,AYM,NA,NA,Kasori_EII(new),CHBNEWT40,,,,
AYM-015,82,AYM,NA,NA,Kasori_EII(new),CHBNEWT40,,,,
AYM-016,83,AYM,NA,NA,Kasori_EI,CHBNEWT40,,,,
AYM-017,108,AYM,NA,NA,Kasori_EIII,CHBNEWT40,,,,
AYM-018,110,AYM,NA,NA,Middle_Middle_Jomon?,CHBNEWT40,,,,
AYM-019,113,AYM,NA,NA,Kasori_EII?,CHBNEWT40,,,,
AYM-020,116,AYM,NA,NA,Kasori_EIII?,CHBNEWT40,,,,
AYM-021,123,AYM,NA,NA,Kasori_EII,CHBNEWT40,,,,
AYM-022,125,AYM,NA,NA,Middle_Jomon?,CHBNEWT40,,,,
AYM-023,126,AYM,NA,NA,Kasori_EII,CHBNEWT40,,,,
AYM-024,130,AYM,NA,NA,Kasori_EII(old),CHBNEWT40,,,,
AYM-025,131,AYM,NA,NA,Kasori_EII?,CHBNEWT40,,,,
AYM-026,133,AYM,NA,NA,Kasori_EII,CHBNEWT40,,,,
AYM-027,136,AYM,NA,NA,Middle_Middle_Jomon?,CHBNEWT40,,,,
AYM-028,143,AYM,NA,NA,Kasori_EI,CHBNEWT40,,,,
AYM-029,169,AYM,NA,NA,Kasori_EII,CHBNEWT40,,,,
AYM-030,206,AYM,NA,NA,Kasori_EII,CHBNEWT40,,,,
AYM-031,208,AYM,NA,NA,Middle_Middle_Jomon?,CHBNEWT40,,,,
AYM-032,234,AYM,NA,NA,Kasori_EIII,CHBNEWT40,,,,
AYM-033,235,AYM,NA,NA,Kasori_E,CHBNEWT40,,,,
AYM-034,247,AYM,NA,NA,Kasori_EIII,CHBNEWT40,,,,
AYM-035,269,AYM,NA,NA,Middle_Jomon?,CHBNEWT40,,,,
AYM-036,274,AYM,NA,NA,Jomon?,CHBNEWT40,,,,
AYM-037,275,AYM,NA,NA,Kasori_EII,CHBNEWT40,,,,
AYM-038,300,AYM,NA,NA,Kasori_EII,CHBNEWT40,,,,
AYM-039,301,AYM,NA,NA,Jomon?,CHBNEWT40,,,,
AYM-040,302,AYM,NA,NA,Kasori_EII,CHBNEWT40,,,,
AYM-041,305,AYM,NA,NA,Kasori_EII,CHBNEWT40,,,,
AYM-042,318,AYM,NA,NA,Middle_Middle_Jomon?,CHBNEWT40,,,,
AYM-043,352,AYM,NA,NA,Kasori_EI,CHBNEWT40,,,,
AYM-044,354,AYM,NA,NA,Kasori_EI,CHBNEWT40,,,,
AYM-045,372,AYM,NA,NA,Middle_to_Late_Middle_Jomon,CHBNEWT40,,,,
AYM-046,373,AYM,NA,NA,Kasori_EII,CHBNEWT40,,,,
AYM-047,375,AYM,NA,NA,Kasori_EII(new),CHBNEWT40,,,,
AYM-048,378,AYM,NA,NA,Kasori_EII,CHBNEWT40,,,,
AYM-049,402,AYM,NA,NA,Kasori_EIII,CHBNEWT40,,,,
AYM-050,407,AYM,NA,NA,Kasori_EII,CHBNEWT40,,,,
AYM-051,500,AYM,NA,NA,Kasori_EII(new),CHBNEWT40,,,,
AYM-052,518,AYM,NA,NA,Middle_Jomon,CHBNEWT40,,,,
AYM-053,523,AYM,NA,NA,Kasori_EII(new)-EIII(old),CHBNEWT40,,,,
AYM-054,525,AYM,NA,NA,Kasori_EII(new)-EIII(old),CHBNEWT40,,,,
AYM-055,578,AYM,NA,NA,Jomon?,CHBNEWT40,,,,
AYM-056,580,AYM,NA,NA,Jomon?,CHBNEWT40,,,,
AYM-057,581,AYM,NA,NA,Middle_Jomon?,CHBNEWT40,,,,
AYM-058,583,AYM,NA,NA,Middle_Jomon?,CHBNEWT40,,,,
BKA-003,4,BKA,NA,NA,Horinouchi_I,CHBNEWT14,,,,
BKA-004,5,BKA,5.9,4.9,Horinouchi,CHBNEWT14,,,,
BKA-005,8,BKA,NA,NA,Kasori_E_[EII?_EIII?],CHBNEWT14,,,,
DZK-001,13,DZK,3.7,NA,Kasori_EII-EIII,CHBNEWT16,,,,
DZK-002,18b,DZK,4,NA,Kasori_EII-EIII,CHBNEWT16,,,,
DZK-003,24,DZK,3.7,NA,Kasori_EII-EIII,CHBNEWT16,,,,
DZK-004,3,DZK,3.5,NA,Kasori_EIII-EIV,CHBNEWT16,,,,
DZK-005,12,DZK,3.5,NA,Kasori_EIII-EIV,CHBNEWT16,,,,
DZK-006,57,DZK,2.4,NA,Kasori_EIII-EIV,CHBNEWT16,,,,
DZK-007,43,DZK,3.4,NA,Middle_Jomon,CHBNEWT16,,,,
JMJ-001,5,JMJ,3,2.5,Kasori_EII(new),CHBNEWT36,,,,
JMJ-002,17,JMJ,4.21,3.86,Kasori_EIII(new),CHBNEWT36,,,,
JMJ-003,203,JMJ,5.3,4.2,Kasori_EII(new),CHBNEWT36,,,,
JMJ-004,1000,JMJ,3.5,2.5,Kasori_EII(new),CHBNEWT36,,,,
JMJ-005,1005,JMJ,3.46,2.86,Kasori_EIII,CHBNEWT36,,,,
KAM-001,2,KAM,4.4,4.2,Kasori_EII-EIII,CHBNEWT18,,,,
KAM-002,4,KAM,4.7,4.7,Kasori_EIII,CHBNEWT18,,,,
KAM-003,5,KAM,6.2,6,Kasori_EIII,CHBNEWT18,,,,
KAM-004,6,KAM,6.2,6.1,Kasori_EIII,CHBNEWT18,,,,
KAM-005,7,KAM,4.7,4.6,Kasori_EIII,CHBNEWT18,,,,
KAM-006,8,KAM,5.3,5.1,Kasori_E(new),CHBNEWT18,,,,
KAM-007,9,KAM,5.5,5,Kasori_EII,CHBNEWT18,,,,
KAM-008,12,KAM,4.4,3,Kasori_E?,CHBNEWT18,,,,
KAM-009,013a,KAM,4.5,3.9,Kasori_EII,CHBNEWT18,,,,
KAM-010,013b,KAM,4.2,NA,?,CHBNEWT18,,,,
KAM-011,40,KAM,6.2,5.2,Kasori_EIII,CHBNEWT18,,,,
KAM-012,42,KAM,4.6,4.1,Kasori_EIII,CHBNEWT18,,,,
KAM-014,3,KAM,5.3,4.7,?,CHBNEWT18,,,,
KAM-015,14,KAM,5.1,5.5,Kasori_E?,CHBNEWT18,,,,
KAM-016,41,KAM,4.5,4.3,?,CHBNEWT18,,,,
KAT-001,10,KAT,3,NA,Middle_to_Late_Jomon,CHBNEWT31,,,,
KAT-002,W001,KAT,4,NA,Horinouchi_I,CHBNEWT31,KAT-003,,,
KAT-003,W002,KAT,6,NA,Horinouchi_I,CHBNEWT31,,,,
KAT-004,W003,KAT,4.5,NA,Horinouchi_I,CHBNEWT31,,,,
KAT-005,W019,KAT,4,NA,Horinouchi_I,CHBNEWT31,,,,
KAT-006,E101,KAT,2.7,NA,Horinouchi_I,CHBNEWT31,,,,
KBD-001,12,KBD,4.1,4.1,Nakabyo-Kasori_EI,CHBNEWT22,,,,
KBD-002,13,KBD,3.6,3.6,Nakabyo-Kasori_EI,CHBNEWT22,,,,
KBD-003,16,KBD,4.3,3.5,Nakabyo-Kasori_EI,CHBNEWT22,,,,
KBD-004,17,KBD,3.6,3.6,Kasori_EI,CHBNEWT22,,,,
KBD-005,23,KBD,4.2,4.2,Nakabyo-Kasori_EI,CHBNEWT22,,,,
KBD-006,24,KBD,4.6,4.6,Kasori_EI,CHBNEWT22,,,,
KBD-007,25,KBD,4.1,4.1,Nakabyo,CHBNEWT22,,,,
KBD-008,31,KBD,4,4,Kasori_EII,CHBNEWT22,,,,
KBD-009,33,KBD,3.8,3.8,Kasori_EI,CHBNEWT22,,,,
KBD-010,35,KBD,3.9,3.9,Kasori_EII,CHBNEWT22,,,,
KBD-011,36,KBD,4.8,4.8,Kasori_EI,CHBNEWT22,,,,
KBD-012,37,KBD,4,4,?,CHBNEWT22,,,,
KBD-013,41,KBD,5,5,?,CHBNEWT22,,,,
KBD-014,51,KBD,3.6,NA,Kasori_EI,CHBNEWT22,,,,
KBD-015,52,KBD,NA,NA,Nakabyo,CHBNEWT22,,,,
KBD-016,60,KBD,NA,NA,Nakabyo,CHBNEWT22,,,,
KDS-001,27(011A),KDS,NA,NA,Horinouchi,CHBNEWT07,,,,
KDS-002,28(042A),KDS,NA,NA,Horinouchi_I,CHBNEWT07,KDS-003,KDS-004,KDS-005,
KDS-003,29(042B),KDS,NA,NA,Horinouchi,CHBNEWT07,,,,
KDS-004,30(042C),KDS,NA,NA,Horinouchi,CHBNEWT07,KDS-003,KDS-005,,
KDS-005,31(042E),KDS,NA,NA,Horinouchi,CHBNEWT07,,,,
KDS-006,32(046),KDS,NA,NA,Horinouchi_II,CHBNEWT07,,,,
KDS-007,33(047),KDS,NA,NA,Horinouchi,CHBNEWT07,,,,
KDS-008,34(048),KDS,NA,NA,Horinouchi,CHBNEWT07,KDS-009,,,
KDS-009,35(049),KDS,NA,NA,Horinouchi,CHBNEWT07,,,,
KDS-010,36(050),KDS,NA,NA,Horinouchi,CHBNEWT07,,,,
KKZ-001,1(136),KKZ,5.5,5.2,Kasori_EIV,CHBNEWT10,,,,
KKZ-002,2(141),KKZ,4.5,4.5,Kasori_EIV,CHBNEWT10,,,,
KKZ-003,3(120),KKZ,5.5,NA,Horinouchi_I,CHBNEWT10,,,,
KKZ-004,4(122),KKZ,5.7,NA,Horinouchi_I,CHBNEWT10,,,,
KKZ-005,5(123),KKZ,6,NA,Horinouchi_I,CHBNEWT10,,,,
KKZ-006,6(131),KKZ,4.5,NA,Horinouchi_I,CHBNEWT10,,,,
KKZ-007,7(134),KKZ,4.5,NA,Horinouchi,CHBNEWT10,KKZ-008,,,
KKZ-008,8(135),KKZ,4,NA,Horinouchi_I,CHBNEWT10,,,,
KKZ-009,9(140),KKZ,6,NA,Horinouchi_I,CHBNEWT10,,,,
KKZ-010,10(142),KKZ,7,NA,Horinouchi_I,CHBNEWT10,,,,
KKZ-011,11(143),KKZ,6.5,NA,Horinouchi,CHBNEWT10,,,,
KKZ-012,12(145),KKZ,6,NA,Horinouchi_I,CHBNEWT10,,,,
KKZ-013,13(146),KKZ,6.5,NA,Horinouchi,CHBNEWT10,,,,
KKZ-014,14(148),KKZ,7,NA,Horinouchi_I,CHBNEWT10,,,,
KKZ-015,15(149),KKZ,6,NA,Horinouchi_I,CHBNEWT10,,,,
KKZ-016,16(154),KKZ,6.1,NA,Horinouchi_I,CHBNEWT10,KKZ-015,,,
KKZ-017,17(150),KKZ,5.5,NA,Horinouchi,CHBNEWT10,,,,
KKZ-018,18(151),KKZ,5.4,NA,Horinouchi_I,CHBNEWT10,,,,
KKZ-019,19(152),KKZ,6.2,NA,Horinouchi_II,CHBNEWT10,,,,
MFB-001,87,MFB,4.6,4.1,Kasori_EI-EII,CHBNEWT12,,,,
MFB-002,88,MFB,5.5,5.2,Kasori_EII,CHBNEWT12,,,,
MFB-003,47,MFB,3.8,2.9,Otamadai_III,CHBNEWT12,,,,
MFB-004,11,MFB,7,6.9,Kasori_EII,CHBNEWT12,,,,
MFB-005,13,MFB,4.7,4.6,Kasori_EII,CHBNEWT12,,,,
MFB-006,18,MFB,6.9,7.2,Kasori_EII,CHBNEWT12,,,,
MFB-007,70,MFB,5.3,3.8,Kasori_EI-EII,CHBNEWT12,,,,
MUK-001,DW01,MUK,3.4,3.4,(final)KasoriE,CHBNEWT08,,,,
MUK-002,DW38,MUK,3.8,3.3,(final)KasoriE,CHBNEWT08,,,,
MUK-003,DW50,MUK,4.4,NA,(final)Middle_Jomon,CHBNEWT08,,,,
OTK-001,71B,OTK,4.4,3.6,Kasori_EII(old),CHBNEWT26,,,,
OTK-002,164,OTK,3.9,3.4,Kasori_EII(old),CHBNEWT26,,,,
RKK-001,J-01,RKK,3,3,Kasori_EIV,CHBNEWT11,,,,
RKK-002,J-02,RKK,3.8,3.7,Kasori_EIV,CHBNEWT11,,,,
RKK-003,J-03,RKK,4.3,3.9,Kasori_EIV,CHBNEWT11,,,,
RKK-004,J-04,RKK,3.9,3.6,Kasori_EIV,CHBNEWT11,,,,
RKK-005,J-05,RKK,4.9,4.7,Kasori_EIV,CHBNEWT11,,,,
RKT-001,1(DW03),RKT,3,NA,Kasori_B,CHBNEWT09,,,,
RKT-002,2(DW04),RKT,5,4,Kasori_B,CHBNEWT09,,,,
RTJ-003,112,RTJ,2.7,NA,?,CHBNEWT26,,,,
RTK-001,SI001,RTK,4.5,NA,Shomyoji(old),CHBNEWT37,,,,
RTK-002,SI002,RTK,3.7,NA,Kasori_EIV-Shomyoji(old),CHBNEWT37,,,,
RTK-003,SI003,RTK,NA,NA,Middle_to_Late_Jomon,CHBNEWT37,,,,
RTK-004,SI004,RTK,NA,NA,Jomon,CHBNEWT37,,,,
RTK-005,SI005,RTK,6.5,NA,Shomyoji(old),CHBNEWT37,,,,
RTK-006,SI006,RTK,NA,NA,Shomyoji(old),CHBNEWT37,,,,
RTK-007,SI007,RTK,4.7,NA,Shomyoji(old),CHBNEWT37,,,,
RTK-008,SI008,RTK,4.2,NA,Kasori_EIII,CHBNEWT37,,,,
RTK-014,SI015,RTK,NA,NA,Shomyoji(old),CHBNEWT37,,,,
RTK-016,SI017,RTK,4.4,NA,Angyo1-3b,CHBNEWT37,,,,
RTK-017,SI019,RTK,3.2,NA,Angyo1,CHBNEWT37,RTK-018,,,
RTK-018,SI020,RTK,3,NA,Angyo1,CHBNEWT37,,,,
RTK-020,SI023,RTK,4.3,NA,Soya,CHBNEWT37,,,,
RTK-021,SI024,RTK,4,NA,Jomon?,CHBNEWT37,,,,
RTK-022,SI025,RTK,6.5,NA,Late-Final_Jomon?,CHBNEWT37,,,,
RTK-024,SI026,RTK,3.1,NA,Jomon?,CHBNEWT37,,,,
RTK-025,SI027,RTK,3,NA,Jomon?,CHBNEWT37,,,,
RTK-026,SI028,RTK,3.4,NA,Jomon?,CHBNEWT37,,,,
RTK-028,SI030,RTK,4.9,NA,Jomon?,CHBNEWT37,,,,
RTK-029,SI032,RTK,4,NA,Late_Jomon_Angyo?,CHBNEWT37,,,,
RTK-030,SI034,RTK,5.5,NA,Jomon?,CHBNEWT37,,,,
RTK-031,SI038,RTK,NA,NA,Jomon?,CHBNEWT37,,,,
RTK-032,SI039,RTK,4.6,NA,Jomon?,CHBNEWT37,,,,
RTK-033,SI040,RTK,3,NA,Jomon?,CHBNEWT37,,,,
RTK-034,SI041,RTK,NA,NA,Jomon?,CHBNEWT37,,,,
RTK-035,SI043,RTK,NA,NA,Jomon?,CHBNEWT37,,,,
RTK-036,SI044,RTK,8.1,NA,Late_Jomon?,CHBNEWT37,,,,
RTK-037,SI045,RTK,7.1,NA,Middle_to_Late_Jomon,CHBNEWT37,,,,
RTK-038,SI046,RTK,NA,NA,Middle_to_Late_Jomon,CHBNEWT37,,,,
RTK-039,SI047,RTK,4.6,NA,Jomon?,CHBNEWT37,,,,
RTK-040,SI048,RTK,6.7,NA,Jomon?,CHBNEWT37,,,,
RTK-041,SI054,RTK,NA,NA,Jomon?,CHBNEWT37,,,,
SNZB-001,23,SNZB,NA,NA,Kasori_EII,CHBNEWT35,,,,
TAK-001,294,TAK,NA,NA,Kasori_EII,CHBNEWT17,,,,
TAK-002,141,TAK,4.3,3.9,Kasori_EII-EIII,CHBNEWT17,,,,
